{
  "train_loss": [
    0.42969068926352044,
    0.29590514462965506,
    0.26112188764854716,
    0.23758909805615744,
    0.22341270196658594,
    0.20835781725689217,
    0.19410361346933577,
    0.1841389219429758,
    0.1726236864681597,
    0.16106150329554522
  ],
  "train_accuracy": [
    84.96666666666667,
    89.32592592592593,
    90.47407407407407,
    91.3037037037037,
    91.79444444444445,
    92.27037037037037,
    92.91666666666667,
    93.1537037037037,
    93.5962962962963,
    94.03888888888889
  ],
  "val_loss": [
    0.2886102840503057,
    0.25733129791418713,
    0.22836681056022645,
    0.23100040048360826,
    0.2117824753721555,
    0.20555520329872767,
    0.19181906630595524,
    0.19035268461704255,
    0.19584758843978245,
    0.1917720042268435
  ],
  "val_accuracy": [
    89.1,
    90.23333333333333,
    91.41666666666667,
    91.58333333333333,
    92.33333333333333,
    92.33333333333333,
    92.76666666666667,
    92.86666666666666,
    92.65,
    92.81666666666666
  ]
}