{
  "train_loss": [
    0.5157175712497146,
    0.3891139461287746,
    0.3546379226225394,
    0.3308898380774039,
    0.31950111528679176,
    0.3033908254482128,
    0.29132254670284413,
    0.28215872799025643,
    0.27354021773073406,
    0.2655129560408769
  ],
  "train_accuracy": [
    81.4074074074074,
    85.78148148148148,
    86.95370370370371,
    87.71666666666667,
    88.17037037037036,
    88.66851851851852,
    89.05185185185185,
    89.50185185185185,
    89.78148148148148,
    90.19814814814815
  ],
  "val_loss": [
    0.4028514731725057,
    0.3740398930708567,
    0.3605907678206762,
    0.32528444647789,
    0.33345340450604755,
    0.33157366220156353,
    0.3142373717625936,
    0.3093809745311737,
    0.31005355874697366,
    0.32385643990834556
  ],
  "val_accuracy": [
    84.88333333333334,
    86.58333333333333,
    86.9,
    87.96666666666667,
    87.91666666666667,
    87.91666666666667,
    88.26666666666667,
    88.9,
    88.75,
    88.33333333333333
  ]
}