{
  "train_loss": [
    0.42931122131700866,
    0.2745295917722914,
    0.22742137111557856,
    0.19227397232143967,
    0.16933560106489393,
    0.14419838665812104,
    0.12177964139867711,
    0.10428567722329386,
    0.08759304194207544,
    0.07212309640563197
  ],
  "train_accuracy": [
    84.32407407407408,
    90.0111111111111,
    91.6462962962963,
    92.89814814814815,
    93.74444444444444,
    94.72592592592592,
    95.47962962962963,
    96.11296296296297,
    96.78333333333333,
    97.3537037037037
  ],
  "val_loss": [
    0.3139993346532186,
    0.2547156736453374,
    0.2358761228521665,
    0.23636058008670807,
    0.21417608459790546,
    0.22085513178507488,
    0.23465818949540457,
    0.21734784376621247,
    0.24142110084493956,
    0.2796356321175893
  ],
  "val_accuracy": [
    88.51666666666667,
    90.45,
    91.21666666666667,
    91.35,
    92.21666666666667,
    92.33333333333333,
    91.86666666666666,
    92.7,
    91.98333333333333,
    91.95
  ]
}